"","source","target","ligand.complex","ligand","receptor.complex","receptor","ligand.expr","receptor.expr","global_mean","LRscore"
"1","B","B","CCL5","CCL5","CXCR3","CXCR3",0.491671035879648,0.118578093468527,0.199056328661466,0.548126287927035
"2","B","NK","MFNG","MFNG","NOTCH1","NOTCH1",0.442947348968493,0.136564891325529,0.199056328661466,0.552688062145979
"3","B","NK","CCL5","CCL5","CXCR3","CXCR3",0.491671035879648,0.254680211646446,0.199056328661466,0.639990159145765
"4","B","NK","TGFB1","TGFB1","TGFBR1","TGFBR1",0.415304167091577,0.234552940157019,0.199056328661466,0.610581791986968
"5","B","NK","TGFB1","TGFB1","TGFBR1_TGFBR2","TGFBR1",0.415304167091577,0.234552940157019,0.199056328661466,0.610581791986968
"6","B","NK","CD48","CD48","CD244","CD244",1.54599795581421,0.387601899198962,0.199056328661466,0.795453002337013
"7","B","CD8 T","CCL5","CCL5","CXCR3","CXCR3",0.491671035879648,0.327414437002168,0.199056328661466,0.66839403704439
"8","B","CD8 T","TGFB1","TGFB1","TGFBR1_TGFBR2","TGFBR2",0.415304167091577,0.21085677859872,0.199056328661466,0.597848216106669
"9","B","CD8 T","TGFB1","TGFB1","TGFBR2","TGFBR2",0.415304167091577,0.21085677859872,0.199056328661466,0.597848216106669
"10","NK","B","IFNG","IFNG","IFNGR1","IFNGR1",0.470846318282549,0.125198274575497,0.199056328661466,0.549494225860438
"11","NK","B","IFNG","IFNG","IFNGR1_IFNGR2","IFNGR1",0.470846318282549,0.125198274575497,0.199056328661466,0.549494225860438
"12","NK","B","IFNG","IFNG","IFNGR2","IFNGR2",0.470846318282549,0.22253843403016,0.199056328661466,0.61921743087233
"13","NK","B","FASLG","FASLG","FAS","FAS",0.27283150035115,0.117997956108831,0.199056328661466,0.474066543608995
"14","NK","B","CCL5","CCL5","CXCR3","CXCR3",2.50336773982058,0.118578093468527,0.199056328661466,0.732411887107032
"15","NK","NK","IFNG","IFNG","IFNGR1","IFNGR1",0.470846318282549,0.194453137051598,0.199056328661466,0.603189753024778
"16","NK","NK","IFNG","IFNG","IFNGR1_IFNGR2","IFNGR2",0.470846318282549,0.160541608425798,0.199056328661466,0.580044143706327
"17","NK","NK","IFNG","IFNG","IFNGR2","IFNGR2",0.470846318282549,0.160541608425798,0.199056328661466,0.580044143706327
"18","NK","NK","MFNG","MFNG","NOTCH1","NOTCH1",0.399271070764672,0.136564891325529,0.199056328661466,0.539823565276008
"19","NK","NK","CCL5","CCL5","CXCR3","CXCR3",2.50336773982058,0.254680211646446,0.199056328661466,0.800450536998331
"20","NK","NK","TGFB1","TGFB1","TGFBR1","TGFBR1",0.931933919326705,0.234552940157019,0.199056328661466,0.701381217092248
"21","NK","NK","TGFB1","TGFB1","TGFBR1_TGFBR2","TGFBR1",0.931933919326705,0.234552940157019,0.199056328661466,0.701381217092248
"22","NK","NK","CD48","CD48","CD244","CD244",1.2284932202849,0.387601899198962,0.199056328661466,0.776115904490138
"23","NK","CD8 T","IFNG","IFNG","IFNGR1","IFNGR1",0.470846318282549,0.31265064799773,0.199056328661466,0.658411033723416
"24","NK","CD8 T","IFNG","IFNG","IFNGR1_IFNGR2","IFNGR1",0.470846318282549,0.31265064799773,0.199056328661466,0.658411033723416
"25","NK","CD8 T","FASLG","FASLG","FAS","FAS",0.27283150035115,0.150088932642222,0.199056328661466,0.504113245451463
"26","NK","CD8 T","CCL5","CCL5","CXCR3","CXCR3",2.50336773982058,0.327414437002168,0.199056328661466,0.819759899296032
"27","NK","CD8 T","TGFB1","TGFB1","TGFBR1_TGFBR2","TGFBR2",0.931933919326705,0.21085677859872,0.199056328661466,0.69010980041239
"28","NK","CD8 T","TGFB1","TGFB1","TGFBR2","TGFBR2",0.931933919326705,0.21085677859872,0.199056328661466,0.69010980041239
"29","CD8 T","B","IFNG","IFNG","IFNGR1","IFNGR1",0.178455210168272,0.125198274575497,0.199056328661466,0.42886836631811
"30","CD8 T","B","IFNG","IFNG","IFNGR1_IFNGR2","IFNGR1",0.178455210168272,0.125198274575497,0.199056328661466,0.42886836631811
"31","CD8 T","B","IFNG","IFNG","IFNGR2","IFNGR2",0.178455210168272,0.22253843403016,0.199056328661466,0.500282722928199
"32","CD8 T","B","CCL5","CCL5","CXCR3","CXCR3",3.60344248674324,0.118578093468527,0.199056328661466,0.76656583454019
"33","CD8 T","NK","IFNG","IFNG","IFNGR1","IFNGR1",0.178455210168272,0.194453137051598,0.199056328661466,0.483425219459622
"34","CD8 T","NK","IFNG","IFNG","IFNGR1_IFNGR2","IFNGR2",0.178455210168272,0.160541608425798,0.199056328661466,0.459552963401339
"35","CD8 T","NK","IFNG","IFNG","IFNGR2","IFNGR2",0.178455210168272,0.160541608425798,0.199056328661466,0.459552963401339
"36","CD8 T","NK","MFNG","MFNG","NOTCH1","NOTCH1",0.527169548823062,0.136564891325529,0.199056328661466,0.574093690462125
"37","CD8 T","NK","IL23A","IL23A","IL12RB1","IL12RB1",0.236730990930135,0.4689443452849,0.199056328661466,0.626005115340359
"38","CD8 T","NK","CCL5","CCL5","CXCR3","CXCR3",3.60344248674324,0.254680211646446,0.199056328661466,0.827960159623293
"39","CD8 T","NK","TGFB1","TGFB1","TGFBR1","TGFBR1",0.275706464419614,0.234552940157019,0.199056328661466,0.560926042739246
"40","CD8 T","NK","TGFB1","TGFB1","TGFBR1_TGFBR2","TGFBR1",0.275706464419614,0.234552940157019,0.199056328661466,0.560926042739246
"41","CD8 T","NK","CD48","CD48","CD244","CD244",1.72764494619042,0.387601899198962,0.199056328661466,0.804342387242528
"42","CD8 T","CD8 T","IFNG","IFNG","IFNGR1","IFNGR1",0.178455210168272,0.31265064799773,0.199056328661466,0.542676954909513
"43","CD8 T","CD8 T","IFNG","IFNG","IFNGR1_IFNGR2","IFNGR1",0.178455210168272,0.31265064799773,0.199056328661466,0.542676954909513
"44","CD8 T","CD8 T","IL23A","IL23A","IL12RB1","IL12RB1",0.236730990930135,0.197049381084032,0.199056328661466,0.520389076493774
"45","CD8 T","CD8 T","CCL5","CCL5","CXCR3","CXCR3",3.60344248674324,0.327414437002168,0.199056328661466,0.845122616256563
"46","CD8 T","CD8 T","TGFB1","TGFB1","TGFBR1_TGFBR2","TGFBR2",0.275706464419614,0.21085677859872,0.199056328661466,0.547771365595473
"47","CD8 T","CD8 T","TGFB1","TGFB1","TGFBR2","TGFBR2",0.275706464419614,0.21085677859872,0.199056328661466,0.547771365595473
